{
  "logistic_regression": {
    "accuracy": 0.8688524590163934,
    "precision": 0.9032258064516129,
    "recall": 0.8484848484848485,
    "f1": 0.875,
    "roc_auc": 0.9047619047619048
  },
  "random_forest": {
    "accuracy": 0.7868852459016393,
    "precision": 0.7941176470588235,
    "recall": 0.8181818181818182,
    "f1": 0.8059701492537313,
    "roc_auc": 0.8831168831168832
  },
  "xgboost": {
    "accuracy": 0.7540983606557377,
    "precision": 0.78125,
    "recall": 0.7575757575757576,
    "f1": 0.7692307692307693,
    "roc_auc": 0.8603896103896104
  }
}