{
  "Random Forest": {
    "accuracy": 1.0,
    "f1_score": 1.0,
    "precision": 1.0,
    "recall": 1.0,
    "roc_auc": 1.0
  },
  "Logistic Regression": {
    "accuracy": 0.8097560975609757,
    "f1_score": 0.8311688311688312,
    "precision": 0.7619047619047619,
    "recall": 0.9142857142857143,
    "roc_auc": 0.9298095238095239
  }
}